countryId,stateId,title
1,1,Port Blair
1,2,Adilabad
1,2,Adoni
1,2,Amadalavalasa
1,2,Amalapuram
1,2,Anakapalle
1,2,Anantapur
1,2,Badepalle
1,2,Banganapalle
1,2,Bapatla
1,2,Bellampalle
1,2,Bethamcherla
1,2,Bhadrachalam
1,2,Bhainsa
1,2,Bheemunipatnam
1,2,Bhimavaram
1,2,Bhongir
1,2,Bobbili
1,2,Bodhan
1,2,Chilakaluripet
1,2,Chirala
1,2,Chittoor
1,2,Cuddapah
1,2,Devarakonda
1,2,Dharmavaram
1,2,Eluru
1,2,Farooqnagar
1,2,Gadwal
1,2,Gooty
1,2,Gudivada
1,2,Gudur
1,2,Guntakal
1,2,Guntur
1,2,Hanuman Junction
1,2,Hindupur
1,2,Hyderabad
1,2,Ichchapuram
1,2,Jaggaiahpet
1,2,Jagtial
1,2,Jammalamadugu
1,2,Jangaon
1,2,Kadapa
1,2,Kadiri
1,2,Kagaznagar
1,2,Kakinada
1,2,Kalyandurg
1,2,Kamareddy
1,2,Kandukur
1,2,Karimnagar
1,2,Kavali
1,2,Khammam
1,2,Koratla
1,2,Kothagudem
1,2,Kothapeta
1,2,Kovvur
1,2,Kurnool
1,2,Kyathampalle
1,2,Macherla
1,2,Machilipatnam
1,2,Madanapalle
1,2,Mahbubnagar
1,2,Mancherial
1,2,Mandamarri
1,2,Mandapeta
1,2,Manuguru
1,2,Markapur
1,2,Medak
1,2,Miryalaguda
1,2,Mogalthur
1,2,Nagari
1,2,Nagarkurnool
1,2,Nandyal
1,2,Narasapur
1,2,Narasaraopet
1,2,Narayanpet
1,2,Narsipatnam
1,2,Nellore
1,2,Nidadavole
1,2,Nirmal
1,2,Nizamabad
1,2,Nuzvid
1,2,Ongole
1,2,Palacole
1,2,Palasa Kasibugga
1,2,Palwancha
1,2,Parvathipuram
1,2,Pedana
1,2,Peddapuram
1,2,Pithapuram
1,2,Pondur
1,2,Ponnur
1,2,Proddatur
1,2,Punganur
1,2,Puttur
1,2,Rajahmundry
1,2,Rajam
1,2,Ramachandrapuram
1,2,Ramagundam
1,2,Rayachoti
1,2,Rayadurg
1,2,Renigunta
1,2,Repalle
1,2,Sadasivpet
1,2,Salur
1,2,Samalkot
1,2,Sangareddy
1,2,Sattenapalle
1,2,Siddipet
1,2,Singapur
1,2,Sircilla
1,2,Srikakulam
1,2,Srikalahasti
1,2,Suryapet
1,2,Tadepalligudem
1,2,Tadpatri
1,2,Tandur
1,2,Tanuku
1,2,Tenali
1,2,Tirupati
1,2,Tuni
1,2,Uravakonda
1,2,Venkatagiri
1,2,Vicarabad
1,2,Vijayawada
1,2,Vinukonda
1,2,Visakhapatnam
1,2,Vizianagaram
1,2,Wanaparthy
1,2,Warangal
1,2,Yellandu
1,2,Yemmiganur
1,2,Yerraguntla
1,2,Zahirabad
1,2,Rajampet
1,3,Along
1,3,Bomdila
1,3,Itanagar
1,3,Naharlagun
1,3,Pasighat
1,4,Abhayapuri
1,4,Amguri
1,4,Anandnagaar
1,4,Barpeta
1,4,Barpeta Road
1,4,Bilasipara
1,4,Bongaigaon
1,4,Dhekiajuli
1,4,Dhubri
1,4,Dibrugarh
1,4,Digboi
1,4,Diphu
1,4,Dispur
1,4,Gauripur
1,4,Goalpara
1,4,Golaghat
1,4,Guwahati
1,4,Haflong
1,4,Hailakandi
1,4,Hojai
1,4,Jorhat
1,4,Karimganj
1,4,Kokrajhar
1,4,Lanka
1,4,Lumding
1,4,Mangaldoi
1,4,Mankachar
1,4,Margherita
1,4,Mariani
1,4,Marigaon
1,4,Nagaon
1,4,Nalbari
1,4,North Lakhimpur
1,4,Rangia
1,4,Sibsagar
1,4,Silapathar
1,4,Silchar
1,4,Tezpur
1,4,Tinsukia
1,5,Amarpur
1,5,Araria
1,5,Areraj
1,5,Arrah
1,5,Asarganj
1,5,Aurangabad
1,5,Bagaha
1,5,Bahadurganj
1,5,Bairgania
1,5,Bakhtiarpur
1,5,Banka
1,5,Banmankhi Bazar
1,5,Barahiya
1,5,Barauli
1,5,Barbigha
1,5,Barh
1,5,Begusarai
1,5,Behea
1,5,Bettiah
1,5,Bhabua
1,5,Bhagalpur
1,5,Bihar Sharif
1,5,Bikramganj
1,5,Bodh Gaya
1,5,Buxar
1,5,Chandan Bara
1,5,Chanpatia
1,5,Chhapra
1,5,Colgong
1,5,Dalsinghsarai
1,5,Darbhanga
1,5,Daudnagar
1,5,Dehri-on-Sone
1,5,Dhaka
1,5,Dighwara
1,5,Dumraon
1,5,Fatwah
1,5,Forbesganj
1,5,Gaya
1,5,Gogri Jamalpur
1,5,Gopalganj
1,5,Hajipur
1,5,Hilsa
1,5,Hisua
1,5,Islampur
1,5,Jagdispur
1,5,Jamalpur
1,5,Jamui
1,5,Jehanabad
1,5,Jhajha
1,5,Jhanjharpur
1,5,Jogabani
1,5,Kanti
1,5,Katihar
1,5,Khagaria
1,5,Kharagpur
1,5,Kishanganj
1,5,Lakhisarai
1,5,Lalganj
1,5,Madhepura
1,5,Madhubani
1,5,Maharajganj
1,5,Mahnar Bazar
1,5,Makhdumpur
1,5,Maner
1,5,Manihari
1,5,Marhaura
1,5,Masaurhi
1,5,Mirganj
1,5,Mokameh
1,5,Motihari
1,5,Motipur
1,5,Munger
1,5,Murliganj
1,5,Muzaffarpur
1,5,Narkatiaganj
1,5,Naugachhia
1,5,Nawada
1,5,Nokha
1,5,Patna
1,5,Piro
1,5,Purnia
1,5,Rafiganj
1,5,Rajgir
1,5,Ramnagar
1,5,Raxaul Bazar
1,5,Revelganj
1,5,Rosera
1,5,Saharsa
1,5,Samastipur
1,5,Sasaram
1,5,Sheikhpura
1,5,Sheohar
1,5,Sherghati
1,5,Silao
1,5,Sitamarhi
1,5,Siwan
1,5,Sonepur
1,5,Sugauli
1,5,Sultanganj
1,5,Supaul
1,5,Warisaliganj
1,6,Ahiwara
1,6,Akaltara
1,6,Ambagarh Chowki
1,6,Ambikapur
1,6,Arang
1,6,Bade Bacheli
1,6,Balod
1,6,Baloda Bazar
1,6,Bemetra
1,6,Bhatapara
1,6,Bilaspur
1,6,Birgaon
1,6,Champa
1,6,Chirmiri
1,6,Dalli-Rajhara
1,6,Dhamtari
1,6,Dipka
1,6,Dongargarh
1,6,Durg-Bhilai Nagar
1,6,Gobranawapara
1,6,Jagdalpur
1,6,Janjgir
1,6,Jashpurnagar
1,6,Kanker
1,6,Kawardha
1,6,Kondagaon
1,6,Korba
1,6,Mahasamund
1,6,Mahendragarh
1,6,Mungeli
1,6,Naila Janjgir
1,6,Raigarh
1,6,Raipur
1,6,Rajnandgaon
1,6,Sakti
1,6,Tilda Newra
1,7,Amli
1,7,Silvassa
1,8,Daman and Diu
1,9,Asola
1,10,Aldona
1,10,Curchorem Cacora
1,10,Madgaon
1,10,Mapusa
1,10,Margao
1,10,Marmagao
1,10,Panaji
1,11,Ahmedabad
1,11,Amreli
1,11,Anand
1,11,Ankleshwar
1,11,Bharuch
1,11,Bhavnagar
1,11,Bhuj
1,11,Cambay
1,11,Dahod
1,11,Deesa
1,11,"Dharampur, India"
1,11,Dholka
1,11,Gandhinagar
1,11,Godhra
1,11,Himatnagar
1,11,Idar
1,11,Jamnagar
1,11,Junagadh
1,11,Kadi
1,11,Kalavad
1,11,Kalol
1,11,Kapadvanj
1,11,Karjan
1,11,Keshod
1,11,Khambhalia
1,11,Khambhat
1,11,Kheda
1,11,Khedbrahma
1,11,Kheralu
1,11,Kodinar
1,11,Lathi
1,11,Limbdi
1,11,Lunawada
1,11,Mahesana
1,11,Mahuva
1,11,Manavadar
1,11,Mandvi
1,11,Mangrol
1,11,Mansa
1,11,Mehmedabad
1,11,Modasa
1,11,Morvi
1,11,Nadiad
1,11,Navsari
1,11,Padra
1,11,Palanpur
1,11,Palitana
1,11,Pardi
1,11,Patan
1,11,Petlad
1,11,Porbandar
1,11,Radhanpur
1,11,Rajkot
1,11,Rajpipla
1,11,Rajula
1,11,Ranavav
1,11,Rapar
1,11,Salaya
1,11,Sanand
1,11,Savarkundla
1,11,Sidhpur
1,11,Sihor
1,11,Songadh
1,11,Surat
1,11,Talaja
1,11,Thangadh
1,11,Tharad
1,11,Umbergaon
1,11,Umreth
1,11,Una
1,11,Unjha
1,11,Upleta
1,11,Vadnagar
1,11,Vadodara
1,11,Valsad
1,11,Vapi
1,11,Vapi
1,11,Veraval
1,11,Vijapur
1,11,Viramgam
1,11,Visnagar
1,11,Vyara
1,11,Wadhwan
1,11,Wankaner
1,11,Adalaj
1,11,Adityana
1,11,Alang
1,11,Ambaji
1,11,Ambaliyasan
1,11,Andada
1,11,Anjar
1,11,Anklav
1,11,Antaliya
1,11,Arambhada
1,11,Atul
1,12,Ballabhgarh
1,12,Ambala
1,12,Ambala
1,12,Asankhurd
1,12,Assandh
1,12,Ateli
1,12,Babiyal
1,12,Bahadurgarh
1,12,Barwala
1,12,Bhiwani
1,12,Charkhi Dadri
1,12,Cheeka
1,12,Ellenabad 2
1,12,Faridabad
1,12,Fatehabad
1,12,Ganaur
1,12,Gharaunda
1,12,Gohana
1,12,Gurgaon
1,12,Haibat(Yamuna Nagar)
1,12,Hansi
1,12,Hisar
1,12,Hodal
1,12,Jhajjar
1,12,Jind
1,12,Kaithal
1,12,Kalan Wali
1,12,Kalka
1,12,Karnal
1,12,Ladwa
1,12,Mahendragarh
1,12,Mandi Dabwali
1,12,Narnaul
1,12,Narwana
1,12,Palwal
1,12,Panchkula
1,12,Panipat
1,12,Pehowa
1,12,Pinjore
1,12,Rania
1,12,Ratia
1,12,Rewari
1,12,Rohtak
1,12,Safidon
1,12,Samalkha
1,12,Shahbad
1,12,Sirsa
1,12,Sohna
1,12,Sonipat
1,12,Taraori
1,12,Thanesar
1,12,Tohana
1,12,Yamunanagar
1,13,Arki
1,13,Baddi
1,13,Bilaspur
1,13,Chamba
1,13,Dalhousie
1,13,Dharamsala
1,13,Hamirpur
1,13,Mandi
1,13,Nahan
1,13,Shimla
1,13,Solan
1,13,Sundarnagar
1,14,Jammu
1,14,Achabbal
1,14,Akhnoor
1,14,Anantnag
1,14,Arnia
1,14,Awantipora
1,14,Bandipore
1,14,Baramula
1,14,Kathua
1,14,Leh
1,14,Punch
1,14,Rajauri
1,14,Sopore
1,14,Srinagar
1,14,Udhampur
1,15,Amlabad
1,15,Ara
1,15,Barughutu
1,15,Bokaro Steel City
1,15,Chaibasa
1,15,Chakradharpur
1,15,Chandrapura
1,15,Chatra
1,15,Chirkunda
1,15,Churi
1,15,Daltonganj
1,15,Deoghar
1,15,Dhanbad
1,15,Dumka
1,15,Garhwa
1,15,Ghatshila
1,15,Giridih
1,15,Godda
1,15,Gomoh
1,15,Gumia
1,15,Gumla
1,15,Hazaribag
1,15,Hussainabad
1,15,Jamshedpur
1,15,Jamtara
1,15,Jhumri Tilaiya
1,15,Khunti
1,15,Lohardaga
1,15,Madhupur
1,15,Mihijam
1,15,Musabani
1,15,Pakaur
1,15,Patratu
1,15,Phusro
1,15,Ramngarh
1,15,Ranchi
1,15,Sahibganj
1,15,Saunda
1,15,Simdega
1,15,Tenu Dam-cum- Kathhara
1,16,Arasikere
1,16,Bangalore
1,16,Belgaum
1,16,Bellary
1,16,Chamrajnagar
1,16,Chikkaballapur
1,16,Chintamani
1,16,Chitradurga
1,16,Gulbarga
1,16,Gundlupet
1,16,Hassan
1,16,Hospet
1,16,Hubli
1,16,Karkala
1,16,Karwar
1,16,Kolar
1,16,Kota
1,16,Lakshmeshwar
1,16,Lingsugur
1,16,Maddur
1,16,Madhugiri
1,16,Madikeri
1,16,Magadi
1,16,Mahalingpur
1,16,Malavalli
1,16,Malur
1,16,Mandya
1,16,Mangalore
1,16,Manvi
1,16,Mudalgi
1,16,Mudbidri
1,16,Muddebihal
1,16,Mudhol
1,16,Mulbagal
1,16,Mundargi
1,16,Mysore
1,16,Nanjangud
1,16,Pavagada
1,16,Puttur
1,16,Rabkavi Banhatti
1,16,Raichur
1,16,Ramanagaram
1,16,Ramdurg
1,16,Ranibennur
1,16,Robertson Pet
1,16,Ron
1,16,Sadalgi
1,16,Sagar
1,16,Sakleshpur
1,16,Sandur
1,16,Sankeshwar
1,16,Saundatti-Yellamma
1,16,Savanur
1,16,Sedam
1,16,Shahabad
1,16,Shahpur
1,16,Shiggaon
1,16,Shikapur
1,16,Shimoga
1,16,Shorapur
1,16,Shrirangapattana
1,16,Sidlaghatta
1,16,Sindgi
1,16,Sindhnur
1,16,Sira
1,16,Sirsi
1,16,Siruguppa
1,16,Srinivaspur
1,16,Talikota
1,16,Tarikere
1,16,Tekkalakota
1,16,Terdal
1,16,Tiptur
1,16,Tumkur
1,16,Udupi
1,16,Vijayapura
1,16,Wadi
1,16,Yadgir
1,16,Chikmagalur
1,16,Davanagere
1,16,Dharwad
1,16,Gadag
1,17,Adoor
1,17,Akathiyoor
1,17,Alappuzha
1,17,Ancharakandy
1,17,Aroor
1,17,Ashtamichira
1,17,Attingal
1,17,Avinissery
1,17,Chalakudy
1,17,Changanassery
1,17,Chendamangalam
1,17,Chengannur
1,17,Cherthala
1,17,Cheruthazham
1,17,Chittur-Thathamangalam
1,17,Chockli
1,17,Erattupetta
1,17,Guruvayoor
1,17,Irinjalakuda
1,17,Kadirur
1,17,Kalliasseri
1,17,Kalpetta
1,17,Kanhangad
1,17,Kanjikkuzhi
1,17,Kannur
1,17,Kasaragod
1,17,Kayamkulam
1,17,Kochi
1,17,Kodungallur
1,17,Kollam
1,17,Koothuparamba
1,17,Kothamangalam
1,17,Kottayam
1,17,Kozhikode
1,17,Kunnamkulam
1,17,Malappuram
1,17,Mattannur
1,17,Mavelikkara
1,17,Mavoor
1,17,Muvattupuzha
1,17,Nedumangad
1,17,Neyyattinkara
1,17,Ottappalam
1,17,Palai
1,17,Palakkad
1,17,Panniyannur
1,17,Pappinisseri
1,17,Paravoor
1,17,Pathanamthitta
1,17,Payyannur
1,17,Peringathur
1,17,Perinthalmanna
1,17,Perumbavoor
1,17,Ponnani
1,17,Punalur
1,17,Quilandy
1,17,Shoranur
1,17,Taliparamba
1,17,Thiruvalla
1,17,Thiruvananthapuram
1,17,Thodupuzha
1,17,Thrissur
1,17,Tirur
1,17,Vadakara
1,17,Vaikom
1,17,Varkala
1,18,Kavaratti
1,19,Ashok Nagar
1,19,Balaghat
1,19,Betul
1,19,Bhopal
1,19,Burhanpur
1,19,Chhatarpur
1,19,Dabra
1,19,Datia
1,19,Dewas
1,19,Dhar
1,19,Fatehabad
1,19,Gwalior
1,19,Indore
1,19,Itarsi
1,19,Jabalpur
1,19,Katni
1,19,Kotma
1,19,Lahar
1,19,Lundi
1,19,Maharajpur
1,19,Mahidpur
1,19,Maihar
1,19,Malajkhand
1,19,Manasa
1,19,Manawar
1,19,Mandideep
1,19,Mandla
1,19,Mandsaur
1,19,Mauganj
1,19,Mhow Cantonment
1,19,Mhowgaon
1,19,Morena
1,19,Multai
1,19,Murwara
1,19,Nagda
1,19,Nainpur
1,19,Narsinghgarh
1,19,Narsinghgarh
1,19,Neemuch
1,19,Nepanagar
1,19,Niwari
1,19,Nowgong
1,19,Nowrozabad
1,19,Pachore
1,19,Pali
1,19,Panagar
1,19,Pandhurna
1,19,Panna
1,19,Pasan
1,19,Pipariya
1,19,Pithampur
1,19,Porsa
1,19,Prithvipur
1,19,Raghogarh-Vijaypur
1,19,Rahatgarh
1,19,Raisen
1,19,Rajgarh
1,19,Ratlam
1,19,Rau
1,19,Rehli
1,19,Rewa
1,19,Sabalgarh
1,19,Sagar
1,19,Sanawad
1,19,Sarangpur
1,19,Sarni
1,19,Satna
1,19,Sausar
1,19,Sehore
1,19,Sendhwa
1,19,Seoni
1,19,Seoni-Malwa
1,19,Shahdol
1,19,Shajapur
1,19,Shamgarh
1,19,Sheopur
1,19,Shivpuri
1,19,Shujalpur
1,19,Sidhi
1,19,Sihora
1,19,Singrauli
1,19,Sironj
1,19,Sohagpur
1,19,Tarana
1,19,Tikamgarh
1,19,Ujhani
1,19,Ujjain
1,19,Umaria
1,19,Vidisha
1,19,Wara Seoni
1,20,Kolhapur
1,20,Ahmednagar
1,20,Akola
1,20,Amravati
1,20,Aurangabad
1,20,Baramati
1,20,Chalisgaon
1,20,Chinchani
1,20,Devgarh
1,20,Dhule
1,20,Dombivli
1,20,Durgapur
1,20,Ichalkaranji
1,20,Jalna
1,20,Kalyan
1,20,Latur
1,20,Loha
1,20,Lonar
1,20,Lonavla
1,20,Mahad
1,20,Mahuli
1,20,Malegaon
1,20,Malkapur
1,20,Manchar
1,20,Mangalvedhe
1,20,Mangrulpir
1,20,Manjlegaon
1,20,Manmad
1,20,Manwath
1,20,Mehkar
1,20,Mhaswad
1,20,Miraj
1,20,Morshi
1,20,Mukhed
1,20,Mul
1,20,Mumbai
1,20,Murtijapur
1,20,Nagpur
1,20,Nalasopara
1,20,Nanded-Waghala
1,20,Nandgaon
1,20,Nandura
1,20,Nandurbar
1,20,Narkhed
1,20,Nashik
1,20,Navi Mumbai
1,20,Nawapur
1,20,Nilanga
1,20,Osmanabad
1,20,Ozar
1,20,Pachora
1,20,Paithan
1,20,Palghar
1,20,Pandharkaoda
1,20,Pandharpur
1,20,Panvel
1,20,Parbhani
1,20,Parli
1,20,Parola
1,20,Partur
1,20,Pathardi
1,20,Pathri
1,20,Patur
1,20,Pauni
1,20,Pen
1,20,Phaltan
1,20,Pulgaon
1,20,Pune
1,20,Purna
1,20,Pusad
1,20,Rahuri
1,20,Rajura
1,20,Ramtek
1,20,Ratnagiri
1,20,Raver
1,20,Risod
1,20,Sailu
1,20,Sangamner
1,20,Sangli
1,20,Sangole
1,20,Sasvad
1,20,Satana
1,20,Satara
1,20,Savner
1,20,Sawantwadi
1,20,Shahade
1,20,Shegaon
1,20,Shendurjana
1,20,Shirdi
1,20,Shirpur-Warwade
1,20,Shirur
1,20,Shrigonda
1,20,Shrirampur
1,20,Sillod
1,20,Sinnar
1,20,Solapur
1,20,Soyagaon
1,20,Talegaon Dabhade
1,20,Talode
1,20,Tasgaon
1,20,Tirora
1,20,Tuljapur
1,20,Tumsar
1,20,Uran
1,20,Uran Islampur
1,20,Wadgaon Road
1,20,Wai
1,20,Wani
1,20,Wardha
1,20,Warora
1,20,Warud
1,20,Washim
1,20,Yevla
1,20,Uchgaon
1,20,Udgir
1,20,Umarga
1,20,Umarkhed
1,20,Umred
1,20,Vadgaon Kasba
1,20,Vaijapur
1,20,Vasai
1,20,Virar
1,20,Vita
1,20,Yavatmal
1,20,Yawal
1,21,Imphal
1,21,Kakching
1,21,Lilong
1,21,Mayang Imphal
1,21,Thoubal
1,22,Jowai
1,22,Nongstoin
1,22,Shillong
1,22,Tura
1,23,Aizawl
1,23,Champhai
1,23,Lunglei
1,23,Saiha
1,24,Dimapur
1,24,Kohima
1,24,Mokokchung
1,24,Tuensang
1,24,Wokha
1,24,Zunheboto
1,25,Anandapur
1,25,Anugul
1,25,Asika
1,25,Balangir
1,25,Balasore
1,25,Baleshwar
1,25,Bamra
1,25,Barbil
1,25,Bargarh
1,25,Bargarh
1,25,Baripada
1,25,Basudebpur
1,25,Belpahar
1,25,Bhadrak
1,25,Bhawanipatna
1,25,Bhuban
1,25,Bhubaneswar
1,25,Biramitrapur
1,25,Brahmapur
1,25,Brajrajnagar
1,25,Byasanagar
1,25,Cuttack
1,25,Debagarh
1,25,Dhenkanal
1,25,Gunupur
1,25,Hinjilicut
1,25,Jagatsinghapur
1,25,Jajapur
1,25,Jaleswar
1,25,Jatani
1,25,Jeypur
1,25,Jharsuguda
1,25,Joda
1,25,Kantabanji
1,25,Karanjia
1,25,Kendrapara
1,25,Kendujhar
1,25,Khordha
1,25,Koraput
1,25,Malkangiri
1,25,Nabarangapur
1,25,Paradip
1,25,Parlakhemundi
1,25,Pattamundai
1,25,Phulabani
1,25,Puri
1,25,Rairangpur
1,25,Rajagangapur
1,25,Raurkela
1,25,Rayagada
1,25,Sambalpur
1,25,Soro
1,25,Sunabeda
1,25,Sundargarh
1,25,Talcher
1,25,Titlagarh
1,25,Umarkote
1,26,Karaikal
1,26,Mahe
1,26,Pondicherry
1,26,Yanam
1,27,Ahmedgarh
1,27,Amritsar
1,27,Barnala
1,27,Batala
1,27,Bathinda
1,27,Bhagha Purana
1,27,Budhlada
1,27,Chandigarh
1,27,Dasua
1,27,Dhuri
1,27,Dinanagar
1,27,Faridkot
1,27,Fazilka
1,27,Firozpur
1,27,Firozpur Cantt.
1,27,Giddarbaha
1,27,Gobindgarh
1,27,Gurdaspur
1,27,Hoshiarpur
1,27,Jagraon
1,27,Jaitu
1,27,Jalalabad
1,27,Jalandhar
1,27,Jalandhar Cantt.
1,27,Jandiala
1,27,Kapurthala
1,27,Karoran
1,27,Kartarpur
1,27,Khanna
1,27,Kharar
1,27,Kot Kapura
1,27,Kurali
1,27,Longowal
1,27,Ludhiana
1,27,Malerkotla
1,27,Malout
1,27,Mansa
1,27,Maur
1,27,Moga
1,27,Mohali
1,27,Morinda
1,27,Mukerian
1,27,Muktsar
1,27,Nabha
1,27,Nakodar
1,27,Nangal
1,27,Nawanshahr
1,27,Pathankot
1,27,Patiala
1,27,Patran
1,27,Patti
1,27,Phagwara
1,27,Phillaur
1,27,Qadian
1,27,Raikot
1,27,Rajpura
1,27,Rampura Phul
1,27,Rupnagar
1,27,Samana
1,27,Sangrur
1,27,Sirhind Fatehgarh Sahib
1,27,Sujanpur
1,27,Sunam
1,27,Talwara
1,27,Tarn Taran
1,27,Urmar Tanda
1,27,Zira
1,27,Zirakpur
1,28,Bali
1,28,Banswara
1,28,Ajmer
1,28,Alwar
1,28,Bandikui
1,28,Baran
1,28,Barmer
1,28,Bikaner
1,28,Fatehpur
1,28,Jaipur
1,28,Jaisalmer
1,28,Jodhpur
1,28,Kota
1,28,Lachhmangarh
1,28,Ladnu
1,28,Lakheri
1,28,Lalsot
1,28,Losal
1,28,Makrana
1,28,Malpura
1,28,Mandalgarh
1,28,Mandawa
1,28,Mangrol
1,28,Merta City
1,28,Mount Abu
1,28,Nadbai
1,28,Nagar
1,28,Nagaur
1,28,Nargund
1,28,Nasirabad
1,28,Nathdwara
1,28,Navalgund
1,28,Nawalgarh
1,28,Neem-Ka-Thana
1,28,Nelamangala
1,28,Nimbahera
1,28,Nipani
1,28,Niwai
1,28,Nohar
1,28,Nokha
1,28,Pali
1,28,Phalodi
1,28,Phulera
1,28,Pilani
1,28,Pilibanga
1,28,Pindwara
1,28,Pipar City
1,28,Prantij
1,28,Pratapgarh
1,28,Raisinghnagar
1,28,Rajakhera
1,28,Rajaldesar
1,28,Rajgarh (Alwar)
1,28,Rajgarh (Churu
1,28,Rajsamand
1,28,Ramganj Mandi
1,28,Ramngarh
1,28,Ratangarh
1,28,Rawatbhata
1,28,Rawatsar
1,28,Reengus
1,28,Sadri
1,28,Sadulshahar
1,28,Sagwara
1,28,Sambhar
1,28,Sanchore
1,28,Sangaria
1,28,Sardarshahar
1,28,Sawai Madhopur
1,28,Shahpura
1,28,Shahpura
1,28,Sheoganj
1,28,Sikar
1,28,Sirohi
1,28,Sojat
1,28,Sri Madhopur
1,28,Sujangarh
1,28,Sumerpur
1,28,Suratgarh
1,28,Taranagar
1,28,Todabhim
1,28,Todaraisingh
1,28,Tonk
1,28,Udaipur
1,28,Udaipurwati
1,28,Vijainagar
1,29,Gangtok
1,30,Arakkonam
1,30,Arcot
1,30,Aruppukkottai
1,30,Bhavani
1,30,Chengalpattu
1,30,Chennai
1,30,Chinna salem
1,30,Coimbatore
1,30,Coonoor
1,30,Cuddalore
1,30,Dharmapuri
1,30,Dindigul
1,30,Erode
1,30,Gudalur
1,30,Gudalur
1,30,Gudalur
1,30,Kanchipuram
1,30,Karaikudi
1,30,Karungal
1,30,Karur
1,30,Kollankodu
1,30,Lalgudi
1,30,Madurai
1,30,Nagapattinam
1,30,Nagercoil
1,30,Namagiripettai
1,30,Namakkal
1,30,Nandivaram-Guduvancheri
1,30,Nanjikottai
1,30,Natham
1,30,Nellikuppam
1,30,Neyveli
1,30,O' Valley
1,30,Oddanchatram
1,30,P.N.Patti
1,30,Pacode
1,30,Padmanabhapuram
1,30,Palani
1,30,Palladam
1,30,Pallapatti
1,30,Pallikonda
1,30,Panagudi
1,30,Panruti
1,30,Paramakudi
1,30,Parangipettai
1,30,Pattukkottai
1,30,Perambalur
1,30,Peravurani
1,30,Periyakulam
1,30,Periyasemur
1,30,Pernampattu
1,30,Pollachi
1,30,Polur
1,30,Ponneri
1,30,Pudukkottai
1,30,Pudupattinam
1,30,Puliyankudi
1,30,Punjaipugalur
1,30,Rajapalayam
1,30,Ramanathapuram
1,30,Rameshwaram
1,30,Rasipuram
1,30,Salem
1,30,Sankarankoil
1,30,Sankari
1,30,Sathyamangalam
1,30,Sattur
1,30,Shenkottai
1,30,Sholavandan
1,30,Sholingur
1,30,Sirkali
1,30,Sivaganga
1,30,Sivagiri
1,30,Sivakasi
1,30,Srivilliputhur
1,30,Surandai
1,30,Suriyampalayam
1,30,Tenkasi
1,30,Thammampatti
1,30,Thanjavur
1,30,Tharamangalam
1,30,Tharangambadi
1,30,Theni Allinagaram
1,30,Thirumangalam
1,30,Thirunindravur
1,30,Thiruparappu
1,30,Thirupuvanam
1,30,Thiruthuraipoondi
1,30,Thiruvallur
1,30,Thiruvarur
1,30,Thoothukudi
1,30,Thuraiyur
1,30,Tindivanam
1,30,Tiruchendur
1,30,Tiruchengode
1,30,Tiruchirappalli
1,30,Tirukalukundram
1,30,Tirukkoyilur
1,30,Tirunelveli
1,30,Tirupathur
1,30,Tirupathur
1,30,Tiruppur
1,30,Tiruttani
1,30,Tiruvannamalai
1,30,Tiruvethipuram
1,30,Tittakudi
1,30,Udhagamandalam
1,30,Udumalaipettai
1,30,Unnamalaikadai
1,30,Usilampatti
1,30,Uthamapalayam
1,30,Uthiramerur
1,30,Vadakkuvalliyur
1,30,Vadalur
1,30,Vadipatti
1,30,Valparai
1,30,Vandavasi
1,30,Vaniyambadi
1,30,Vedaranyam
1,30,Vellakoil
1,30,Vellore
1,30,Vikramasingapuram
1,30,Viluppuram
1,30,Virudhachalam
1,30,Virudhunagar
1,30,Viswanatham
1,30,Chennai
1,30,Coimbatore
1,31,Agartala
1,31,Badharghat
1,31,Dharmanagar
1,31,Indranagar
1,31,Jogendranagar
1,31,Kailasahar
1,31,Khowai
1,31,Pratapgarh
1,31,Udaipur
1,32,Achhnera
1,32,Adari
1,32,Agra
1,32,Aligarh
1,32,Allahabad
1,32,Amroha
1,32,Azamgarh
1,32,Bahraich
1,32,Ballia
1,32,Balrampur
1,32,Banda
1,32,Bareilly
1,32,Chandausi
1,32,Dadri
1,32,Deoria
1,32,Etawah
1,32,Fatehabad
1,32,Fatehpur
1,32,Fatehpur
1,32,Greater Noida
1,32,Hamirpur
1,32,Hardoi
1,32,Jajmau
1,32,Jaunpur
1,32,Jhansi
1,32,Kalpi
1,32,Kanpur
1,32,Kota
1,32,Laharpur
1,32,Lakhimpur
1,32,Lal Gopalganj Nindaura
1,32,Lalganj
1,32,Lalitpur
1,32,Lar
1,32,Loni
1,32,Lucknow
1,32,Mathura
1,32,Meerut
1,32,Modinagar
1,32,Muradnagar
1,32,Nagina
1,32,Najibabad
1,32,Nakur
1,32,Nanpara
1,32,Naraura
1,32,Naugawan Sadat
1,32,Nautanwa
1,32,Nawabganj
1,32,Nehtaur
1,32,NOIDA
1,32,Noorpur
1,32,Obra
1,32,Orai
1,32,Padrauna
1,32,Palia Kalan
1,32,Parasi
1,32,Phulpur
1,32,Pihani
1,32,Pilibhit
1,32,Pilkhuwa
1,32,Powayan
1,32,Pukhrayan
1,32,Puranpur
1,32,Purquazi
1,32,Purwa
1,32,Rae Bareli
1,32,Rampur
1,32,Rampur Maniharan
1,32,Rasra
1,32,Rath
1,32,Renukoot
1,32,Reoti
1,32,Robertsganj
1,32,Rudauli
1,32,Rudrapur
1,32,Sadabad
1,32,Safipur
1,32,Saharanpur
1,32,Sahaspur
1,32,Sahaswan
1,32,Sahawar
1,32,Sahjanwa
1,32,"Saidpur, Ghazipur"
1,32,Sambhal
1,32,Samdhan
1,32,Samthar
1,32,Sandi
1,32,Sandila
1,32,Sardhana
1,32,Seohara
1,32,"Shahabad, Hardoi"
1,32,"Shahabad, Rampur"
1,32,Shahganj
1,32,Shahjahanpur
1,32,Shamli
1,32,"Shamsabad, Agra"
1,32,"Shamsabad, Farrukhabad"
1,32,Sherkot
1,32,"Shikarpur, Bulandshahr"
1,32,Shikohabad
1,32,Shishgarh
1,32,Siana
1,32,Sikanderpur
1,32,Sikandra Rao
1,32,Sikandrabad
1,32,Sirsaganj
1,32,Sirsi
1,32,Sitapur
1,32,Soron
1,32,Suar
1,32,Sultanpur
1,32,Sumerpur
1,32,Tanda
1,32,Tanda
1,32,Tetri Bazar
1,32,Thakurdwara
1,32,Thana Bhawan
1,32,Tilhar
1,32,Tirwaganj
1,32,Tulsipur
1,32,Tundla
1,32,Unnao
1,32,Utraula
1,32,Varanasi
1,32,Vrindavan
1,32,Warhapur
1,32,Zaidpur
1,32,Zamania
1,33,Almora
1,33,Bazpur
1,33,Chamba
1,33,Dehradun
1,33,Haldwani
1,33,Haridwar
1,33,Jaspur
1,33,Kashipur
1,33,kichha
1,33,Kotdwara
1,33,Manglaur
1,33,Mussoorie
1,33,Nagla
1,33,Nainital
1,33,Pauri
1,33,Pithoragarh
1,33,Ramnagar
1,33,Rishikesh
1,33,Roorkee
1,33,Rudrapur
1,33,Sitarganj
1,33,Tehri
1,33,Muzaffarnagar
1,35,Calcutta
1,35,"Adra, Purulia"
1,35,Alipurduar
1,35,Arambagh
1,35,Asansol
1,35,Baharampur
1,35,Bally
1,35,Balurghat
1,35,Bankura
1,35,Barakar
1,35,Barasat
1,35,Bardhaman
1,35,Bidhan Nagar
1,35,Chinsura
1,35,Contai
1,35,Cooch Behar
1,35,Darjeeling
1,35,Durgapur
1,35,Haldia
1,35,Howrah
1,35,Islampur
1,35,Jhargram
1,35,Kharagpur
1,35,Kolkata
1,35,Mainaguri
1,35,Mal
1,35,Mathabhanga
1,35,Medinipur
1,35,Memari
1,35,Monoharpur
1,35,Murshidabad
1,35,Nabadwip
1,35,Naihati
1,35,Panchla
1,35,Pandua
1,35,Paschim Punropara
1,35,Purulia
1,35,Raghunathpur
1,35,Raiganj
1,35,Rampurhat
1,35,Ranaghat
1,35,Sainthia
1,35,Santipur
1,35,Siliguri
1,35,Sonamukhi
1,35,Srirampore
1,35,Suri
1,35,Taki
1,35,Tamluk
1,35,Tarakeswar
